{"loss": 0.27289333939552307, "accuracy": 0.897963285446167}