epoch,loss
1,0.5100613832473755
2,0.35510262846946716
3,0.31734079122543335
4,0.29199981689453125
5,0.271565705537796
