epoch,accuracy
1,0.8216999769210815
2,0.8742333054542542
3,0.8865000009536743
4,0.8939499855041504
5,0.9012500047683716
